15.973,nn_strategy
15.979,nn_strategy
15.984,nn_strategy
15.990,nn_strategy
15.996,nn_strategy
16.000,nn_strategy
16.010,nn_strategy
16.016,nn_strategy
16.021,nn_strategy
16.079,nn_strategy
16.083,nn_strategy
16.090,nn_strategy
16.145,nn_strategy
16.152,nn_strategy
16.157,nn_strategy
16.212,nn_strategy
16.218,nn_strategy
16.223,nn_strategy
16.279,nn_strategy
16.283,nn_strategy
16.290,nn_strategy
16.345,nn_strategy
16.353,nn_strategy
16.358,nn_strategy
16.412,nn_strategy
16.418,nn_strategy
16.423,nn_strategy
16.478,nn_strategy
16.484,nn_strategy
16.506,nn_strategy
16.546,nn_strategy
16.554,nn_strategy
16.559,nn_strategy
16.611,nn_strategy
16.614,nn_strategy
16.619,nn_strategy
16.678,nn_strategy
16.683,nn_strategy
16.688,nn_strategy
16.743,nn_strategy
16.749,nn_strategy
16.755,nn_strategy
16.811,nn_strategy
16.816,nn_strategy
16.822,nn_strategy
16.877,nn_strategy
16.882,nn_strategy
16.887,nn_strategy
16.946,nn_strategy
16.951,nn_strategy
16.956,nn_strategy
17.013,nn_strategy
17.019,nn_strategy
17.023,nn_strategy
17.080,nn_strategy
17.085,nn_strategy
17.090,nn_strategy
17.143,nn_strategy
17.150,nn_strategy
17.154,nn_strategy
17.213,nn_strategy
17.218,nn_strategy
17.223,nn_strategy
17.279,nn_strategy
17.284,nn_strategy
17.289,nn_strategy
17.345,nn_strategy
17.351,nn_strategy
17.357,nn_strategy
17.413,nn_strategy
17.419,nn_strategy
17.424,nn_strategy
17.480,nn_strategy
17.486,nn_strategy
17.491,nn_strategy
17.545,nn_strategy
17.550,nn_strategy
17.558,nn_strategy
17.611,nn_strategy
17.616,nn_strategy
17.623,nn_strategy
17.678,nn_strategy
17.686,nn_strategy
17.692,nn_strategy
17.746,nn_strategy
17.751,nn_strategy
17.755,nn_strategy
17.813,nn_strategy
17.818,nn_strategy
17.823,nn_strategy
17.881,nn_strategy
17.887,nn_strategy
17.892,nn_strategy
17.946,nn_strategy
17.953,nn_strategy
17.958,nn_strategy
18.011,nn_strategy
18.019,nn_strategy
18.024,nn_strategy
18.078,nn_strategy
18.084,nn_strategy
18.092,nn_strategy
18.145,nn_strategy
18.151,nn_strategy
18.157,nn_strategy
18.212,nn_strategy
18.216,nn_strategy
18.222,nn_strategy
18.278,nn_strategy
18.283,nn_strategy
18.288,nn_strategy
18.347,nn_strategy
18.353,nn_strategy
18.358,nn_strategy
18.411,nn_strategy
18.418,nn_strategy
18.422,nn_strategy
18.478,nn_strategy
18.483,nn_strategy
18.487,nn_strategy
18.543,nn_strategy
18.548,nn_strategy
18.552,nn_strategy
18.612,nn_strategy
18.617,nn_strategy
18.622,nn_strategy
18.680,nn_strategy
18.684,nn_strategy
18.690,nn_strategy
18.746,nn_strategy
18.752,nn_strategy
18.757,nn_strategy
18.813,nn_strategy
18.818,nn_strategy
18.823,nn_strategy
18.879,nn_strategy
18.884,nn_strategy
18.890,nn_strategy
18.945,nn_strategy
18.951,nn_strategy
18.956,nn_strategy
19.012,nn_strategy
19.019,nn_strategy
19.024,nn_strategy
19.079,nn_strategy
19.083,nn_strategy
19.089,nn_strategy
19.147,nn_strategy
19.153,nn_strategy
19.159,nn_strategy
19.212,nn_strategy
19.218,nn_strategy
19.222,nn_strategy
19.279,nn_strategy
19.283,nn_strategy
